grau_medio,assortatividade,coef_clusterizacao,transitividade,entropy
2.064404432132964,-0.6682140067239859,0.027247421431211827,0.0003593802862141459,0.25440527476730107
