grau_medio,assortatividade,coef_clusterizacao,transitividade,entropy
13.710634789777412,0.04740391079367799,0.5376264832943294,0.23143166252210473,4.985832481554226
