grau_medio,assortatividade,coef_clusterizacao,transitividade,entropy
2.809670517757809,-0.477981932556873,0.06922421606433533,0.021452642471391198,1.4527548623443318
